Tender,City,Region,NumberOfUnits,LotPrice,DevelopPrice,TotalPrice,IndexValueOnTenderBeginning,LastKnownIndexValue,LandPriceIncludingIndex,LandPricePerUnit
62/2021 מכרז פומבי רגיל,תל אביב,B1,458,"₪1,457,777,888.00","₪62,020,150.00","₪1,519,798,038.00",543.80,558.6,"₪1,561,160,691.00","₪3,408,648.00"
62/2021 מכרז פומבי רגיל,תל אביב,B1,230,"₪633,790,518.00","₪25,802,689.00","₪659,593,207.00",543.80,558.6,"₪677,544,622.00","₪2,945,846.00"
62/2021 מכרז פומבי רגיל,תל אביב,B1,406,"₪1,092,770,770.00","₪46,312,586.00","₪1,139,083,356.00",543.80,558.6,"₪1,170,084,521.00","₪2,881,982.00"
62/2021 מכרז פומבי רגיל,תל אביב,B1,480,"₪1,253,291,088.00","₪54,486,689.00","₪1,307,777,777.00",543.80,558.6,"₪1,343,370,111.00","₪2,798,688.00"
341/2020 מכרז פומבי רגיל,רמת השרון,B1,80,"₪168,888,889.00","₪17,315,053.00","₪186,203,942.00",420.70,558.6,"₪247,239,178.00","₪3,090,490.00"
341/2020 מכרז פומבי רגיל,רמת השרון,B1,173,"₪365,538,187.00","₪33,707,234.00","₪399,245,421.00",420.70,558.6,"₪530,112,888.00","₪3,064,236.00"
341/2020 מכרז פומבי רגיל,רמת השרון,B1,228,"₪481,960,342.00","₪44,212,814.00","₪526,173,156.00",420.70,558.6,"₪698,645,888.00","₪3,064,236.00"
341/2020 מכרז פומבי רגיל,רמת השרון,B1,170,"₪361,272,366.00","₪30,709,724.00","₪391,982,090.00",420.70,558.6,"₪520,468,732.00","₪3,061,581.00"
341/2020 מכרז פומבי רגיל,רמת השרון,B1,156,"₪311,011,925.00","₪33,401,287.00","₪344,413,212.00",420.70,558.6,"₪457,307,393.00","₪2,931,458.00"
341/2020 מכרז פומבי רגיל,רמת השרון,B1,100,"₪200,138,144.00","₪20,639,556.00","₪220,777,700.00",420.70,558.6,"₪293,145,765.00","₪2,931,458.00"
213/2021 מכרז פומבי רגיל,ירושלים,B1,72,"₪147,191,549.00","₪2,424,234.00","₪149,615,783.00",448.50,558.6,"₪186,344,206.00","₪2,588,114.00"
242/2021 מכרז פומבי רגיל,יהוד מונוסון,B1,204,"₪375,191,508.00","₪26,937,035.00","₪402,128,543.00",448.50,558.6,"₪500,845,048.00","₪2,455,123.00"
329/2019 מכרז פומבי רגיל,רמת השרון,B1,104,"₪182,818,048.00","₪21,581,564.00","₪204,399,612.00",454.40,558.6,"₪251,271,178.00","₪2,416,069.00"
329/2019 מכרז פומבי רגיל,רמת השרון,B1,150,"₪262,520,736.00","₪28,915,206.00","₪291,435,942.00",423.70,558.6,"₪384,224,964.00","₪2,561,500.00"
329/2019 מכרז פומבי רגיל,רמת השרון,B1,79,"₪136,442,864.00","₪15,334,914.00","₪151,777,778.00",423.70,558.6,"₪200,101,645.00","₪2,532,932.00"
227/2022 מכרז פומבי רגיל,הרצליה,B1,186,"₪320,000,318.00","₪29,226,706.00","₪349,227,024.00",553.60,558.6,"₪352,381,170.00","₪1,894,522.00"
138/2021 מכרז פומבי רגיל,נתניה,B1,210,"₪345,600,684.00","₪39,446,292.00","₪385,046,976.00",467.30,558.6,"₪460,276,569.00","₪2,191,793.00"
329/2019 מכרז פומבי רגיל,רמת השרון,B1,149,"₪242,497,504.00","₪28,799,099.00","₪271,296,603.00",423.70,558.6,"₪357,673,548.00","₪2,400,494.00"
242/2021 מכרז פומבי רגיל,יהוד מונוסון,B2,204,"₪331,000,005.00","₪26,703,776.00","₪357,703,781.00",452.10,558.6,"₪441,967,114.00","₪2,166,505.00"
242/2021 מכרז פומבי רגיל,יהוד מונוסון,B2,114,"₪179,567,165.00","₪14,597,262.00","₪194,164,427.00",452.10,558.6,"₪239,903,227.00","₪2,104,414.00"
242/2021 מכרז פומבי רגיל,יהוד מונוסון,B2,156,"₪245,555,555.00","₪19,151,382.00","₪264,706,937.00",452.10,558.6,"₪327,063,249.00","₪2,096,559.00"
396/2022 מכרז פומבי רגיל,רמת גן,B2,83,"₪121,555,555.00","₪12,066,029.00","₪133,621,584.00",452.10,558.6,"₪165,098,467.00","₪1,989,138.00"
396/2022 מכרז פומבי רגיל,רמת גן,B2,70,"₪101,310,135.00","₪10,871,865.00","₪112,182,000.00",543.80,558.6,"₪115,235,133.00","₪1,646,216.00"
175/2022 מכרז פומבי רגיל,גבעת שמואל,B2,153,"₪238,348,180.00","₪6,455,387.00","₪244,803,567.00",543.80,558.6,"₪251,466,114.00","₪1,643,569.00"
227/2022 מכרז פומבי רגיל,הרצליה,B2,195,"₪282,750,000.00","₪25,440,928.00","₪308,190,928.00",536.00,558.6,"₪321,185,545.00","₪1,647,105.00"
227/2022 מכרז פומבי רגיל,הרצליה,B2,154,"₪213,906,065.00","₪19,547,103.00","₪233,453,168.00",553.60,558.6,"₪235,561,668.00","₪1,529,621.00"
138/2021 מכרז פומבי רגיל,נתניה,B2,149,"₪198,118,490.00","₪27,627,691.00","₪225,746,181.00",467.30,558.6,"₪269,851,951.00","₪1,811,087.00"
227/2022 מכרז פומבי רגיל,הרצליה,B2,206,"₪282,333,357.00","₪27,743,103.00","₪310,076,460.00",536.00,558.6,"₪323,150,579.00","₪1,568,692.00"
321/2021 מכרז פומבי רגיל,גבעת שמואל,B2,122,"₪182,182,182.00","₪1,070,901.00","₪183,253,083.00",439.20,558.6,"₪233,071,886.00","₪1,910,425.00"
227/2022 מכרז פומבי רגיל,הרצליה,B2,156,"₪211,555,555.00","₪20,302,202.00","₪231,857,757.00",536.00,558.6,"₪241,633,849.00","₪1,548,935.00"
254/2020 מכרז פומבי רגיל,אור יהודה,B2,110,"₪147,277,790.00","₪9,379,307.00","₪156,657,097.00",420.70,558.6,"₪208,007,260.00","₪1,890,975.00"
172/2023 מכרז פומבי רגיל,נתניה,B2,66,"₪80,160,000.00","₪12,715,250.00","₪92,875,250.00",568.70,558.6,"₪91,225,804.00","₪1,382,209.00"
321/2021 מכרז פומבי רגיל,גבעת שמואל,B2,122,"₪167,855,555.00","₪1,070,901.00","₪168,926,456.00",439.20,558.6,"₪214,850,452.00","₪1,761,069.00"
396/2022 מכרז פומבי רגיל,רמת גן,B2,69,"₪84,525,332.00","₪10,372,525.00","₪94,897,857.00",543.80,558.6,"₪97,480,586.00","₪1,412,762.00"
172/2023 מכרז פומבי רגיל,נתניה,B2,126,"₪144,900,777.00","₪25,772,633.00","₪170,673,410.00",568.70,558.6,"₪167,642,284.00","₪1,330,494.00"
254/2020 מכרז פומבי רגיל,אור יהודה,B2,134,"₪168,788,188.00","₪12,309,081.00","₪181,097,269.00",452.10,558.6,"₪223,757,873.00","₪1,669,835.00"
175/2022 מכרז פומבי רגיל,גבעת שמואל,B2,46,"₪58,800,026.00","₪2,394,439.00","₪61,194,465.00",536.30,558.6,"₪63,739,005.00","₪1,385,631.00"
172/2023 מכרז פומבי רגיל,נתניה,B2,127,"₪140,150,000.00","₪26,794,953.00","₪166,944,953.00",568.70,558.6,"₪163,980,044.00","₪1,291,181.00"
482/2021 מכרז פומבי רגי,רחובות,B2,135,"₪155,250,000.00","₪21,300,389.00","₪176,550,389.00",452.10,558.6,"₪218,139,897.00","₪1,615,851.00"
254/2020 מכרז פומבי רגיל,אור יהודה,B2,140,"₪170,555,555.00","₪11,628,711.00","₪182,184,266.00",452.10,558.6,"₪225,100,931.00","₪1,607,864.00"
254/2020 מכרז פומבי רגיל,אור יהודה,B2,140,"₪170,555,555.00","₪11,588,042.00","₪182,143,597.00",452.10,558.6,"₪225,050,682.00","₪1,607,505.00"
276/2020 מכרז פומבי רגיל,רמת גן,B2,340,"₪376,000,552.00","₪50,000,705.00","₪426,001,257.00",452.10,558.6,"₪526,353,245.00","₪1,548,098.00"
172/2023 מכרז פומבי רגיל,נתניה,B2,142,"₪147,259,382.00","₪27,126,410.00","₪174,385,792.00",568.70,558.6,"₪171,288,735.00","₪1,206,259.00"
460/2019 מכרז פומבי רגיל,פתח תקוה,B2,44,"₪41,429,748.00","₪12,294,100.00","₪53,723,848.00",452.10,558.6,"₪66,379,433.00","₪1,508,623.00"
11/2023 מכרז פומבי רגיל,רמת גן,B3,205,"₪225,000,000.00","₪23,686,646.00","₪248,686,646.00",568.70,558.6,"₪244,270,020.00","₪1,191,561.00"
135/2020 מכרז פומבי רגיל,מודיעין מכבים,B3,123,"₪130,320,216.00","₪17,643,607.00","₪147,963,823.00",452.10,558.6,"₪182,819,269.00","₪1,486,336.00"
366/2022 מכרז פומבי רגיל,תל אביב,B3,22,"₪25,860,000.00",₪0.00,"₪25,860,000.00",543.80,558.6,"₪26,563,803.00","₪1,207,446.00"
172/2023 מכרז פומבי רגיל,נתניה,B3,215,"₪198,875,318.00","₪41,972,098.00","₪240,847,416.00",543.80,558.6,"₪247,402,292.00","₪1,150,708.00"
11/2023 מכרז פומבי רגיל,רמת גן,B3,165,"₪161,600,180.00","₪19,602,009.00","₪181,202,189.00",568.70,558.6,"₪177,984,074.00","₪1,078,691.00"
332/2021 מכרז פומבי רגיל,ראשון לציון,B3,276,"₪256,555,559.00","₪44,235,943.00","₪300,791,502.00",442.70,558.6,"₪379,539,492.00","₪1,375,143.00"
482/2021 מכרז פומבי רגי,רחובות,B3,93,"₪82,515,224.00","₪18,529,262.00","₪101,044,486.00",442.70,558.6,"₪127,498,193.00","₪1,370,948.00"
153/2020 מכרז פומבי רגיל,ראשון לציון,B3,115,"₪109,177,777.00","₪15,054,723.00","₪124,232,500.00",424.10,558.6,"₪163,631,866.00","₪1,422,886.00"
11/2023 מכרז פומבי רגיל,רמת גן,B3,205,"₪195,555,555.00","₪23,496,602.00","₪219,052,157.00",568.70,558.6,"₪215,161,834.00","₪1,049,570.00"
346/2021 מכרז פומבי רגיל,מגדל העמק,B3,13,"₪10,200,892.00","₪3,670,203.00","₪13,871,095.00",442.70,558.6,"₪17,502,583.00","₪1,346,353.00"
48/2023 מכרז פומבי רגיל,ראשון לציון,B3,108,"₪91,117,569.00","₪22,621,711.00","₪113,739,280.00",568.70,558.6,"₪111,719,293.00","₪1,034,438.00"
482/2021 מכרז פומבי רגי,רחובות,B3,154,"₪133,555,555.00","₪28,579,755.00","₪162,135,310.00",442.70,558.6,"₪204,582,752.00","₪1,328,459.00"
6/2022 מכרז פומבי רגיל,לוד,B3,227,"₪188,888,888.00","₪48,964,896.00","₪237,853,784.00",543.80,558.6,"₪244,327,186.00","₪1,076,331.00"
21/2021 מכרז פומבי רגיל,אדם - גבע בנימין,B3,45,"₪29,255,555.00","₪17,297,206.00","₪46,552,761.00",442.70,558.6,"₪58,740,394.00","₪1,305,342.00"
11/2023 מכרז פומבי רגיל,רמת גן,B3,120,"₪108,240,240.00","₪13,590,101.00","₪121,830,341.00",568.70,558.6,"₪119,666,658.00","₪997,222.00"
482/2021 מכרז פומבי רגי,רחובות,B3,283,"₪232,555,888.00","₪51,112,547.00","₪283,668,435.00",442.70,558.6,"₪357,933,562.00","₪1,264,783.00"
143/2021 מכרז פומבי רגיל,לוד,B3,200,"₪167,077,777.00","₪28,813,019.00","₪195,890,796.00",442.70,558.6,"₪247,175,511.00","₪1,235,878.00"
143/2021 מכרז פומבי רגיל,לוד,B3,200,"₪163,033,333.00","₪29,189,161.00","₪192,222,494.00",442.70,558.6,"₪242,546,838.00","₪1,212,734.00"
87/2021 מכרז פומבי רגי,קרית ביאליק,B3,134,"₪66,665,555.00","₪60,020,997.00","₪126,686,552.00",442.70,558.6,"₪159,853,418.00","₪1,192,936.00"
482/2021 מכרז פומבי רגי,רחובות,B3,126,"₪93,455,840.00","₪23,693,410.00","₪117,149,250.00",442.70,558.6,"₪147,819,225.00","₪1,173,168.00"
6/2022 מכרז פומבי רגיל,לוד,B3,263,"₪196,987,888.00","₪43,735,720.00","₪240,723,608.00",442.70,558.6,"₪303,745,668.00","₪1,154,926.00"
מכרז פומבי רגיל 297/2020,בית שמש,B3,167,"₪97,352,984.00","₪55,458,031.00","₪152,811,015.00",452.10,558.6,"₪188,808,301.00","₪1,130,589.00"
352/2022 מכרז פומבי רגיל,נס ציונה,B3,60,"₪43,526,018.00","₪9,004,354.00","₪52,530,372.00",536.30,558.6,"₪54,714,648.00","₪911,911.00"
135/2020 מכרז פומבי רגיל,אזור,B3,116,"₪90,180,000.00","₪6,727,526.00","₪96,907,526.00",452.10,558.6,"₪119,735,775.00","₪1,032,205.00"
63/2021 מכרז פומבי רגיל,לוד,B4,190,"₪115,555,596.00","₪39,833,681.00","₪155,389,277.00",442.70,558.6,"₪196,070,590.00","₪1,031,950.00"
397/2021 מכרז פומבי רגיל,אשקלון,B4,126,"₪82,777,777.00","₪19,726,494.00","₪102,504,271.00",442.70,558.6,"₪129,340,153.00","₪1,026,509.00"
337/2020 מכרז פומבי רגיל,נתיבות,B4,100,"₪45,000,005.00","₪33,922,430.00","₪78,922,435.00",452.10,558.6,"₪97,513,984.00","₪975,140.00"
350/2020 מכרז פומבי רגיל,בית שמש ,B4,44,"₪11,101,018.00","₪23,452,649.00","₪34,553,667.00",452.10,558.6,"₪42,693,383.00","₪970,304.00"
63/2021 מכרז פומבי רגיל,לוד,B4,166,"₪99,888,444.00","₪30,104,927.00","₪129,993,371.00",442.70,558.6,"₪164,025,970.00","₪988,108.00"
21/2021 מכרז פומבי רגיל,אדם - גבע בנימין,B4,49,"₪27,235,000.00","₪10,965,427.00","₪38,200,427.00",442.70,558.6,"₪48,201,397.00","₪983,702.00"
88/2020 מכרז פומבי,פרדס חנה,B4,71,"₪30,326,400.00","₪24,872,194.00","₪55,198,594.00",452.10,558.6,"₪68,201,581.00","₪960,586.00"
5/2021 מכרז פומבי רגיל,אלפי מנשה,B4,48,"₪17,600,000.00","₪19,325,600.00","₪36,925,600.00",442.70,558.6,"₪46,592,817.00","₪970,684.00"
350/2020 מכרז פומבי רגיל,בית שמש ,B4,44,"₪12,500,180.00","₪20,901,473.00","₪33,401,653.00",452.10,558.6,"₪41,269,992.00","₪937,954.00"
426/2021 מכרז פומבי רגיל,זיכרון יעקב,B4,222,"₪158,010,000.00","₪8,914,619.00","₪166,924,619.00",442.70,558.6,"₪210,625,914.00","₪948,765.00"
426/2021 מכרז פומבי רגיל,זיכרון יעקב,B4,56,"₪36,290,018.00","₪2,248,732.00","₪38,538,750.00",471.00,558.6,"₪45,706,467.00","₪816,187.00"
426/2021 מכרז פומבי רגיל,זיכרון יעקב,B4,150,"₪105,777,777.00","₪6,023,391.00","₪111,801,168.00",442.70,558.6,"₪141,071,002.00","₪940,473.00"
5/2021 מכרז פומבי רגיל,אלפי מנשה,B4,70,"₪21,373,938.00","₪30,376,012.00","₪51,749,950.00",442.70,558.6,"₪65,298,220.00","₪932,832.00"
400/2022 מכרז פומבי רגיל,חולון,B4,58,"₪40,222,222.00","₪2,263,231.00","₪42,485,453.00",511.90,558.6,"₪46,361,348.00","₪799,334.00"
233/2021 מכרז פומבי רגיל,כפר ורדים,B4,62,"₪32,323,232.00","₪12,544,171.00","₪44,867,403.00",442.70,558.6,"₪56,613,805.00","₪913,126.00"
261/2021 מכרז פומבי רגיל,קרית ביאליק,B4,222,"₪93,939,393.00","₪64,912,853.00","₪158,852,246.00",442.70,558.6,"₪200,440,173.00","₪902,884.00"
מכרז פומבי רגיל 297/2020,בית שמש,B4,97,"₪34,163,224.00","₪34,415,042.00","₪68,578,266.00",452.10,558.6,"₪84,733,067.00","₪873,537.00"
מכרז פומבי רגיל 297/2020,בית שמש,B4,56,"₪20,391,222.00","₪19,200,272.00","₪39,591,494.00",452.10,558.6,"₪48,917,957.00","₪873,535.00"
מכרז פומבי רגיל 297/2020,בית שמש,B4,117,"₪43,244,244.00","₪39,447,500.00","₪82,691,744.00",452.10,558.6,"₪102,171,219.00","₪873,258.00"
203/2020 מכרז פומבי רגיל,באר יעקב,B4,100,"₪67,667,776.00","₪1,318,911.00","₪68,986,687.00",452.10,558.6,"₪85,237,698.00","₪852,377.00"
426/2021 מכרז פומבי רגיל,זיכרון יעקב,B4,64,"₪41,232,272.00","₪2,644,523.00","₪43,876,795.00",442.70,558.6,"₪55,363,853.00","₪865,060.00"
346/2021 מכרז פומבי רגיל,מגדל העמק,B4,20,"₪10,926,000.00","₪2,781,058.00","₪13,707,058.00",442.70,558.6,"₪17,295,601.00","₪864,780.00"
196/2021 מכרז פומבי רגיל,אופקים,B4,69,"₪26,026,000.00","₪20,793,369.00","₪46,819,369.00",442.70,558.6,"₪59,076,800.00","₪856,186.00"
426/2021 מכרז פומבי רגיל,זיכרון יעקב,B4,48,"₪29,942,321.00","₪1,927,484.00","₪31,869,805.00",442.70,558.6,"₪40,213,402.00","₪837,779.00"
128/2020 מכרז פומבי רגי,אופקים,B4,78,"₪35,555,888.00","₪16,148,862.00","₪51,704,750.00",452.10,558.6,"₪63,884,701.00","₪819,035.00"
34/2023 מכרז פומבי רגיל,רחובות,B5,118,"₪51,128,776.00","₪26,728,278.00","₪77,857,054.00",568.70,558.6,"₪76,474,328.00","₪648,088.00"
397/2021 מכרז פומבי רגיל,אשקלון,B5,130,"₪64,800,000.00","₪18,422,534.00","₪83,222,534.00",442.70,558.6,"₪105,010,408.00","₪807,772.00"
397/2021 מכרז פומבי רגיל,אשקלון,B5,116,"₪55,526,018.00","₪18,422,534.00","₪73,948,552.00",442.70,558.6,"₪93,308,473.00","₪804,383.00"
426/2021 מכרז פומבי רגיל,זיכרון יעקב,B5,135,"₪80,000,000.00","₪5,421,052.00","₪85,421,052.00",442.70,558.6,"₪107,784,503.00","₪798,404.00"
128/2020 מכרז פומבי רגי,אופקים,B5,75,"₪30,026,026.00","₪14,993,864.00","₪45,019,890.00",452.10,558.6,"₪55,625,106.00","₪741,668.00"
397/2021 מכרז פומבי רגיל,אשקלון,B5,164,"₪74,331,645.00","₪20,668,355.00","₪95,000,000.00",452.10,558.6,"₪117,378,898.00","₪715,725.00"
181/2020 מכרז פומבי רגיל,קרית אתא,B5,133,"₪49,875,188.00","₪26,591,372.00","₪76,466,560.00",452.10,558.6,"₪94,479,585.00","₪710,373.00"
181/2020 מכרז פומבי רגיל,קרית אתא,B5,113,"₪42,024,556.00","₪22,938,372.00","₪64,962,928.00",452.10,558.6,"₪80,266,073.00","₪710,319.00"
39/2021 מכרז פומבי רגיל,קרית ביאליק,B5,450,"₪112,666,555.00","₪144,328,645.00","₪256,995,200.00",452.10,558.6,"₪317,534,879.00","₪705,633.00"
173/2020 מכרז פומבי רגיל,באר שבע,B5,111,"₪21,350,000.00","₪40,117,000.00","₪61,467,000.00",452.10,558.6,"₪75,946,618.00","₪684,204.00"
87/2021 מכרז פומבי רגי,קרית ביאליק,B5,175,"₪35,555,555.00","₪58,754,638.00","₪94,310,193.00",452.10,558.6,"₪116,526,595.00","₪665,866.00"
18/2020 מכרז פומבי רגיל,גבעת זאב,B5,552,"₪222,222,224.00","₪74,887,980.00","₪297,110,204.00",452.10,558.6,"₪367,099,668.00","₪665,036.00"
114/2021 מכרז פומבי רגיל,טבריה,B5,40,"₪14,332,223.00","₪6,987,028.00","₪21,319,251.00",452.10,558.6,"₪26,341,371.00","₪658,534.00"
181/2020 מכרז פומבי רגיל,קרית אתא,B5,85,"₪30,058,180.00","₪14,933,345.00","₪44,991,525.00",452.10,558.6,"₪55,590,059.00","₪654,001.00"
181/2020 מכרז פומבי רגיל,קרית אתא,B5,85,"₪30,058,180.00","₪14,933,345.00","₪44,991,525.00",452.10,558.6,"₪55,590,059.00","₪654,001.00"
128/2020 מכרז פומבי רגי,אופקים,B5,78,"₪26,384,441.00","₪14,680,985.00","₪41,065,426.00",452.10,558.6,"₪50,739,100.00","₪650,501.00"
359/2020 מכרז פומבי רגיל,קרית גת,B5,246,"₪90,506,698.00","₪39,000,486.00","₪129,507,184.00",426.20,558.6,"₪169,738,885.00","₪689,995.00"
54/2021 מכרז פומבי רגיל,קרית אתא,B5,54,"₪18,180,188.00","₪10,099,711.00","₪28,279,899.00",452.10,558.6,"₪34,941,720.00","₪647,069.00"
407/2022 מכרז פומבי רגיל,חריש,B5,14,"₪4,181,826.00","₪3,124,714.00","₪7,306,540.00",543.80,558.6,"₪7,505,394.00","₪536,100.00"
179/2023 מכרז פומבי רגיל,רחובות,B5,128,"₪41,000,700.00","₪25,619,031.00","₪66,619,731.00",568.70,558.6,"₪65,436,578.00","₪511,223.00"
359/2020 מכרז פומבי רגיל,קרית גת,B5,286,"₪95,651,565.00","₪47,452,783.00","₪143,104,348.00",568.70,558.6,"₪140,562,843.00","₪491,478.00"
114/2021 מכרז פומבי רגיל,טבריה,B5,40,"₪13,111,143.00","₪6,863,085.00","₪19,974,228.00",452.10,558.6,"₪24,679,504.00","₪616,988.00"
179/2023 מכרז פומבי רגיל,רחובות,B5,82,"₪24,177,777.00","₪16,622,781.00","₪40,800,558.00",568.70,558.6,"₪40,075,948.00","₪488,731.00"
456/2022 מכרז פומבי רגיל,קרית עקרון,B5,212,"₪78,850,126.00","₪26,313,782.00","₪105,163,908.00",543.80,558.6,"₪108,026,037.00","₪509,557.00"
114/2021 מכרז פומבי רגיל,טבריה,B5,32,"₪10,377,777.00","₪5,495,523.00","₪15,873,300.00",452.10,558.6,"₪19,612,531.00","₪612,892.00"
179/2023 מכרז פומבי רגיל,רחובות,B6,108,"₪29,177,777.00","₪24,308,316.00","₪53,486,093.00",568.70,558.6,"₪52,536,191.00","₪486,446.00"
456/2022 מכרז פומבי רגיל,קרית עקרון,B6,108,"₪39,111,111.00","₪14,028,938.00","₪53,140,049.00",543.80,558.6,"₪54,586,303.00","₪505,429.00"
258/2020 מכרז פומבי רגיל,אבו גוש,B6,42,"₪5,873,000.00","₪14,630,978.00","₪20,503,978.00",452.10,558.6,"₪25,334,046.00","₪603,192.00"
456/2022 מכרז פומבי רגיל,קרית עקרון,B6,216,"₪75,600,272.00","₪28,481,741.00","₪104,082,013.00",543.80,558.6,"₪106,914,697.00","₪494,975.00"
133/2020 מכרז פומבי רגיל,אשקלון,B6,180,"₪55,600,000.00","₪31,100,000.00","₪86,700,000.00",452.10,558.6,"₪107,123,689.00","₪595,132.00"
337/2020 מכרז פומבי רגיל,נתיבות,B6,90,"₪25,299,918.00","₪18,017,621.00","₪43,317,539.00",452.10,558.6,"₪53,521,737.00","₪594,686.00"
258/2020 מכרז פומבי רגיל,אבו גוש,B6,36,"₪3,283,000.00","₪13,941,232.00","₪17,224,232.00",452.10,558.6,"₪21,281,699.00","₪591,158.00"
179/2023 מכרז פומבי רגיל,רחובות,B6,92,"₪26,298,548.00","₪17,585,628.00","₪43,884,176.00",568.70,558.6,"₪43,104,802.00","₪468,530.00"
378/2019 מכרז פומבי רגיל,שדרות,B6,100,"₪22,336,000.00","₪24,500,000.00","₪46,836,000.00",452.10,558.6,"₪57,869,033.00","₪578,690.00"
456/2022 מכרז פומבי רגיל,קרית עקרון,B6,116,"₪38,555,777.00","₪14,028,938.00","₪52,584,715.00",568.70,558.6,"₪51,650,821.00","₪445,266.00"
261/2021 מכרז פומבי רגיל,קרית ביאליק,B6,308,"₪69,770,700.00","₪64,809,129.00","₪134,579,829.00",452.10,558.6,"₪166,282,443.00","₪539,878.00"
364/2020 מכרז פומבי רגיל,נתיבות,B6,49,"₪9,100,500.00","₪11,513,721.00","₪20,614,221.00",452.10,558.6,"₪25,470,258.00","₪519,801.00"
35/2022 מכרז פומבי רגיל,נתיבות,B6,174,"₪53,011,824.00","₪19,588,776.00","₪72,600,600.00",543.80,558.6,"₪74,576,490.00","₪428,601.00"
196/2021 מכרז פומבי רגיל,אופקים,B6,38,"₪10,999,999.00","₪4,641,573.00","₪15,641,572.00",452.10,558.6,"₪19,326,216.00","₪508,585.00"
252/2021 מכרז פומבי רגיל,עפולה,B6,186,"₪36,180,180.00","₪33,859,141.00","₪70,039,321.00",452.10,558.6,"₪86,538,298.00","₪465,260.00"
13/2020 מכרז פומבי רגיל,ביתר עילית,B6,405,"₪75,000,000.00","₪71,761,650.00","₪146,761,650.00",452.10,558.6,"₪181,333,903.00","₪447,738.00"
35/2022 מכרז פומבי רגיל,נתיבות,B6,404,"₪105,802,752.00","₪39,839,722.00","₪145,642,474.00",543.80,558.6,"₪149,606,263.00","₪370,313.00"
365/2020 מכרז פומבי רגיל,נתיבות,B6,175,"₪37,000,126.00","₪23,525,571.00","₪60,525,697.00",452.10,558.6,"₪74,783,575.00","₪427,335.00"
185/2020 מכרז פומבי רגיל,קריית ביאליק,B6,222,"₪7,896,555.00","₪67,931,034.00","₪75,827,589.00",452.10,558.6,"₪93,690,093.00","₪422,027.00"
252/2021 מכרז פומבי רגיל,עפולה,B6,98,"₪15,515,151.00","₪17,902,763.00","₪33,417,914.00",452.10,558.6,"₪41,290,084.00","₪421,327.00"
153/2021 מכרז פומבי רגיל,מעלות,B6,132,"₪25,080,018.00","₪19,248,239.00","₪44,328,257.00",452.10,558.6,"₪54,770,547.00","₪414,928.00"
153/2021 מכרז פומבי רגיל,מעלות,B6,124,"₪23,188,018.00","₪18,391,877.00","₪41,579,895.00",452.10,558.6,"₪51,374,761.00","₪414,313.00"
מכרז פומבי רגיל 35/2021,באר שבע,B6,58,"₪2,118,118.00","₪16,680,586.00","₪18,798,704.00",452.10,558.6,"₪23,227,065.00","₪400,467.00"
497/2018 מכרז פומבי רגיל,בית אריה,B6,372,"₪40,000,556.00","₪80,131,135.00","₪120,131,691.00",452.10,558.6,"₪148,430,795.00","₪399,008.00"
104/2021 מכרז פומבי רגיל,חריש,B7,85,"₪15,777,778.00","₪10,866,722.00","₪26,644,500.00",452.10,558.6,"₪32,921,074.00","₪387,307.00"
185/2020 מכרז פומבי רגיל,קריית ביאליק,B7,91,"₪7,666,555.00","₪20,798,109.00","₪28,464,664.00",452.10,558.6,"₪35,170,010.00","₪386,484.00"
337/2020 מכרז פומבי רגיל,נתיבות,B7,90,"₪13,000,000.00","₪15,133,629.00","₪28,133,629.00",452.10,558.6,"₪34,760,993.00","₪386,233.00"
104/2021 מכרז פומבי רגיל,חריש,B7,58,"₪10,777,778.00","₪7,306,482.00","₪18,084,260.00",568.70,558.6,"₪17,763,087.00","₪306,260.00"
85/2020 מכרז פומבי רגיל,באר שבע,B7,78,"₪11,665,000.00","₪12,394,203.00","₪24,059,203.00",452.10,558.6,"₪29,726,766.00","₪381,112.00"
153/2021 מכרז פומבי רגיל,מעלות,B7,87,"₪15,151,151.00","₪11,464,096.00","₪26,615,247.00",452.10,558.6,"₪32,884,930.00","₪377,988.00"
153/2021 מכרז פומבי רגיל,מעלות,B7,88,"₪14,960,018.00","₪11,894,143.00","₪26,854,161.00",568.70,558.6,"₪26,377,236.00","₪299,741.00"
185/2020 מכרז פומבי רגיל,קריית ביאליק,B7,326,"₪23,666,556.00","₪73,681,198.00","₪97,347,754.00",452.10,558.6,"₪120,279,707.00","₪368,956.00"
251/2021 מכרז פומבי רגיל,עפולה,B7,41,"₪5,214,762.00","₪6,252,644.00","₪11,467,406.00",568.70,558.6,"₪11,263,747.00","₪274,726.00"
365/2020 מכרז פומבי רגיל,נתיבות,B7,151,"₪26,000,126.00","₪16,224,402.00","₪42,224,528.00",452.10,558.6,"₪52,171,248.00","₪345,505.00"
185/2020 מכרז פומבי רגיל,קריית ביאליק,B7,267,"₪16,677,555.00","₪57,708,251.00","₪74,385,806.00",452.10,558.6,"₪91,908,673.00","₪344,227.00"
137/2020 מכרז פומבי רגיל,באר שבע,B7,523,"₪25,343,000.00","₪119,330,000.00","₪144,673,000.00",452.10,558.6,"₪178,753,236.00","₪341,784.00"
462/2022 מכרז פומבי רגיל,נתיבות,B7,154,"₪16,112,777.00","₪25,457,840.00","₪41,570,617.00",543.80,558.6,"₪42,701,998.00","₪277,286.00"
מכרז פומבי רגיל 35/2021,באר שבע,B7,40,"₪1,418,118.00","₪9,340,347.00","₪10,758,465.00",452.10,558.6,"₪13,292,808.00","₪332,320.00"
365/2020 מכרז פומבי רגיל,נתיבות,B7,240,"₪36,999,126.00","₪25,648,064.00","₪62,647,190.00",452.10,558.6,"₪77,404,823.00","₪322,520.00"
462/2022 מכרז פומבי רגיל,נתיבות,B7,456,"₪46,826,018.00","₪71,804,965.00","₪118,630,983.00",543.80,558.6,"₪121,859,631.00","₪267,236.00"
מכרז פומבי רגיל 35/2021,באר שבע,B7,76,"₪3,838,383.00","₪15,864,109.00","₪19,702,492.00",452.10,558.6,"₪24,343,756.00","₪320,313.00"
מכרז פומבי רגיל 35/2021,באר שבע,B7,48,"₪1,390,000.00","₪10,889,259.00","₪12,279,259.00",452.10,558.6,"₪15,171,852.00","₪316,080.00"
251/2021 מכרז פומבי רגיל,עפולה,B7,39,"₪3,358,533.00","₪6,600,448.00","₪9,958,981.00",452.10,558.6,"₪12,304,992.00","₪315,513.00"
318/2020 מכרז פומבי רגיל,טבריה,B7,398,"₪32,500,054.00","₪67,202,869.00","₪99,702,923.00",452.10,558.6,"₪123,189,677.00","₪309,522.00"
250/2021 מכרז פומבי רגיל,עפולה,B7,68,"₪6,780,000.00","₪9,982,028.00","₪16,762,028.00",568.70,558.6,"₪16,464,338.00","₪242,123.00"
197/2020 מכרז פומבי רגיל,באר שבע,B7,152,"₪2,752,000.00","₪32,224,000.00","₪34,976,000.00",452.10,558.6,"₪43,215,204.00","₪284,311.00"
353/2019 מכרז פומבי רגיל,דימונה,B7,28,"₪134,000.00","₪6,308,657.00","₪6,442,657.00",414.90,558.6,"₪8,674,062.00","₪309,788.00"
462/2022 מכרז פומבי רגיל,נתיבות,B7,350,"₪20,222,026.00","₪58,542,376.00","₪78,764,402.00",543.80,558.6,"₪80,908,045.00","₪231,166.00"
462/2022 מכרז פומבי רגיל,נתיבות,B7,375,"₪18,260,000.00","₪64,968,243.00","₪83,228,243.00",543.80,558.6,"₪85,493,374.00","₪227,982.00"
250/2021 מכרז פומבי רגיל,עפולה,B7,34,"₪2,010,000.00","₪5,015,165.00","₪7,025,165.00",568.70,558.6,"₪6,900,399.00","₪202,953.00"
250/2021 מכרז פומבי רגיל,עפולה,B7,102,"₪6,280,000.00","₪14,768,263.00","₪21,048,263.00",568.70,558.6,"₪20,674,450.00","₪202,691.00"
462/2022 מכרז פומבי רגיל,נתיבות,B7,489,"₪20,800,000.00","₪79,629,634.00","₪100,429,634.00",543.80,558.6,"₪103,162,916.00","₪210,967.00"
427/2019 מכרז פומבי רגיל,ערד,B7,30,"₪210,000.00","₪5,832,755.00","₪6,042,755.00",452.10,558.6,"₪7,466,231.00","₪248,874.00"
318/2020 מכרז פומבי רגיל,טבריה,B7,360,"₪15,050,054.00","₪55,502,722.00","₪70,552,776.00",452.10,558.6,"₪87,172,707.00","₪242,146.00"
98/2023 מכרז פומבי רגיל,ירוחם,B7,64,"₪780,389.00","₪10,099,611.00","₪10,880,000.00",568.70,558.6,"₪10,686,773.00","₪166,981.00"
251/2021 מכרז פומבי רגיל,עפולה,B7,39,"₪4,360.00","₪6,569,151.00","₪6,573,511.00",568.70,558.6,"₪6,456,767.00","₪165,558.00"
98/2023 מכרז פומבי רגיל,ירוחם,B7,36,"₪419,395.00","₪5,520,605.00","₪5,940,000.00",568.70,558.6,"₪5,834,507.00","₪162,070.00"
354/2022 מכרז פומבי רגיל,עכו,B7,1497,"₪67,360,000.00","₪134,464,583.00","₪201,824,583.00",543.80,558.6,"₪207,317,418.00","₪138,489.00"
מכרז פומבי רגיל 341/2019,ירוחם,B7,42,₪0.00,"₪5,459,917.00","₪5,459,917.00",414.90,558.6,"₪7,350,951.00","₪175,023.00"
305/2020 מכרז פומבי רגיל,נתיבות,B7,249,"₪8,065,999.00","₪23,235,582.00","₪31,301,581.00",568.70,558.6,"₪30,745,671.00","₪123,477.00"
מכרז פומבי רגיל 341/2019,ירוחם,B7,24,₪0.00,"₪2,974,169.00","₪2,974,169.00",414.90,558.6,"₪4,004,268.00","₪166,845.00"
427/2019 מכרז פומבי רגיל,ערד,B7,24,"₪133,623.00","₪2,658,797.00","₪2,792,420.00",452.10,558.6,"₪3,450,223.00","₪143,759.00"
65/2021 מכרז פומבי רגיל,דימונה,B7,182,"₪8,777,777.00","₪12,278,573.00","₪21,056,350.00",568.70,558.6,"₪20,682,393.00","₪113,640.00"
427/2019 מכרז פומבי רגיל,ערד,B7,24,"₪101,818.00","₪2,656,699.00","₪2,758,517.00",452.10,558.6,"₪3,408,334.00","₪142,014.00"
65/2021 מכרז פומבי רגיל,דימונה,B7,44,"₪408,888.00","₪4,159,296.00","₪4,568,184.00",568.70,558.6,"₪4,487,054.00","₪101,978.00"
61/2021 מכרז פומבי רגיל,ירוחם,B7,118,₪0.00,"₪10,270,705.00","₪10,270,705.00",568.70,558.6,"₪10,088,299.00","₪85,494.00"
60/2021 מכרז פומבי רגיל,מצפה רמון,B7,74,"₪2,117,109.00","₪3,973,835.00","₪6,090,944.00",568.70,558.6,"₪5,982,770.00","₪80,848.00"
מכרז פומבי רגיל 32/2021,ערד,B7,86,"₪270,260.00","₪6,595,128.00","₪6,865,388.00",568.70,558.6,"₪6,743,460.00","₪78,412.00"
מכרז פומבי רגיל 32/2022,ערד,B7,63,"₪161,750.00","₪4,584,319.00","₪4,746,069.00",568.70,558.6,"₪4,661,780.00","₪73,997.00"
353/2019 מכרז פומבי רגיל,דימונה,B7,51,"₪800,000.00","₪2,821,571.00","₪3,621,571.00",414.90,558.6,"₪4,875,897.00","₪95,606.00"
185/2020 מכרז פומבי רגיל,קריית ביאליק,B7,308,"₪9,266,555.00","₪9,266,555.00","₪18,533,110.00",452.10,558.6,"₪22,898,906.00","₪74,347.00"
353/2019 מכרז פומבי רגיל,דימונה,B7,196,"₪2,006,000.00","₪8,682,536.00","₪10,688,536.00",414.90,558.6,"₪14,390,495.00","₪73,421.00"